Receiver_ID,Name,Type,City,Contact
1,Donald Gomez,Shelter,Port Carlburgh,9559225295
2,Laurie Ramos,Individual,Lewisburgh,7610421570
3,Ashley Mckee,NGO,South Randalltown,6910230094856
4,Erika Rose,NGO,South Shaneville,8296491111
5,John Romero,Individual,Bakerport,0674910154
6,Mandy Sutton PhD,Shelter,East Sharimouth,6827775357
7,Kenneth Baker,NGO,South Edwinborough,12664563864071
8,James Perez,Charity,Benjaminburgh,19867486688
9,Emily Turner,Shelter,West Robert,0016310226157520
10,Mary Salazar,NGO,Wrightland,001187333751811395
11,Amber Pacheco,Individual,South Gregorymouth,11559607276
12,Jennifer Bishop,NGO,Katherineside,1801363635549805
13,Jamie Sutton,Shelter,Lake Matthewstad,00117684789202687
14,Brian Fischer,Shelter,Burkeside,9470413246326
15,Donald Kelly,NGO,Port Ronald,9357985303
16,Elizabeth Lewis,NGO,Port Tara,50038638677565
17,Melissa Castillo,NGO,Silvaport,6992329544
18,Lisa Williams,NGO,Moranhaven,360505578095688
19,Courtney Sanders,NGO,North Cynthiaberg,0010837540501
20,George Palmer,NGO,Sandrahaven,7448386083
21,Emily Davidson,NGO,Jonesside,001893473076951510
22,Kristina Meza,Shelter,Lake Nicole,11251600319
23,Kurt Ward,Individual,Aliciabury,479035997619919
24,Tammy Moore,Individual,Monicafort,7211055278
25,Lisa Mcclain,NGO,Lake Elizabeth,292153908259361
26,Kimberly Lindsey,Charity,Port Matthewmouth,19795111434565
27,Johnny Page,NGO,Susanfurt,2519222940
28,Mary Franklin,Individual,Courtneyfurt,001046188998612178
29,Nicholas Robinson,NGO,Lake Kendra,93010489738326
30,Bruce Sanchez,Shelter,North Heather,59845918196171
31,Rose Powell,NGO,Spencermouth,2471527297648
32,Audrey Perez,Individual,Taylorfort,6370257736
33,Anita Kerr,NGO,Walshfort,5689929509
34,Megan Alvarez,Individual,North Robert,6244329386
35,James Castaneda,Shelter,South Rachaelhaven,932277294555052
36,Teresa Davis,Charity,Olsonville,001737507305134768
37,Angel Adams,Shelter,West Erik,17858499596994
38,Alexander Mullins,Charity,Josephview,2484817680
39,John Ramirez,Shelter,Moorechester,8597018773
40,Abigail Davis,Individual,West Carrie,3078253197
41,Julia Elliott,Shelter,Port Kellyburgh,1613882655133036
42,Maria Jacobs,NGO,Port Dawntown,2250198954
43,Bobby Perry,Charity,Amberfort,020628973357055
44,Andrew Lawson,Shelter,Davisborough,6225667870
45,Derek Potter,Charity,South Laurachester,4973727517026
46,Kevin Lee,Charity,East Teresahaven,3542538089
47,Taylor Dean,Shelter,Moorechester,2971005658
48,Jennifer Graham,Individual,East Saraport,0019797460394487
49,Gabriel Nicholson,Charity,South Tonyaborough,03005233391285
50,Brian Gonzales,NGO,North Sarah,0012414382803907
51,Timothy Clark,Charity,Port Johnchester,2176621143941
52,Cheryl Dillon,NGO,Hornemouth,3501461578
53,Cassandra Owens,Shelter,Tomburgh,0018131937735105
54,Veronica Howard,NGO,Higginsmouth,517632236207333
55,Erika Rodriguez,Shelter,Larastad,001732132004181457
56,Deborah Smith,Individual,Jasonshire,996039427636961
57,Christopher Lozano,Individual,New Mary,2178270862
58,Julia Madden,Shelter,Michaelton,3212078844
59,Alicia Thomas,Charity,Lake Mary,60432003473019
60,Jessica Rivas,NGO,Phillipborough,3517831595022
61,John Vazquez,Charity,South Kathleenbury,23706564225123
62,Nichole Lewis,NGO,North Catherinefurt,77744552695255
63,David Turner,Charity,East William,4456052297
64,Debra Sheppard,Shelter,North Darinshire,0017266781689
65,Cody Gardner,NGO,Port Belinda,5653950421232
66,Jade Jackson,Individual,West Jaclyn,0981582253172
67,Rodney Walker,Shelter,Strongshire,00183338577775891
68,Wesley Thompson,Charity,Edwardburgh,1901255289197537
69,Scott Brown,NGO,East Dylan,302197939895559
70,Carolyn Whitaker,Individual,Gregoryville,6651783261
71,Timothy Daniel,Charity,New Gloriaburgh,00156218196629861
72,Charles Davidson,Shelter,West Angelatown,12946982957
73,Kimberly Mills,NGO,Christineton,2888215439
74,Patricia Smith,NGO,Laurafurt,2204535600
75,Nicholas Smith,Charity,Manningtown,16059701115
76,Anna Lopez,Individual,North Jenniferside,0018056245306
77,Juan Spencer,Individual,North David,1144242796389583
78,Aaron Davis,Shelter,Marshallton,2310820755
79,Meagan Ramirez,Charity,Angelaville,001671666769155556
80,Eric Jackson,Individual,Knightburgh,7326023388
81,Theresa Ramirez,NGO,Port Gregoryport,15828957478325
82,Laura Bennett,NGO,Evansside,379719169340160
83,Julie Hines,NGO,Davidview,143601654548405
84,Deanna Lewis,NGO,East Kelli,0938550061
85,Jeffery Mueller,Charity,Lake John,3024932900
86,Jessica Grant,Charity,Smithshire,6011321809716
87,Tammy Walker MD,Charity,West Ronaldland,9820447177
88,Eric Ryan DDS,NGO,Lake Daniel,001677794684702126
89,Mr. David Lambert,Individual,Robinsonside,9298411999
90,Alvin West,Shelter,Kellybury,4173148724
91,Ashley James,Charity,Garrettborough,1927847581225
92,Bridget Peterson,NGO,Greenton,5090376331927
93,Allison Bray,Individual,Alexatown,0011222773588
94,Timothy Patel DVM,Charity,New Jessica,10468329667841
95,Anthony Green,NGO,Laurafort,00170602492305313
96,Michael Walls,Individual,Carterside,6509307741
97,Nathan May,Charity,South Veronicaburgh,8087849354
98,Brian Cowan,Individual,Henryhaven,234142126521005
99,Nancy Silva,Individual,Russellville,9292213591105
100,Melissa Little,NGO,Robertaborough,2502637746235
101,Nicole Reid,Shelter,Hollytown,8085646895
102,Daniel Burton,Individual,North Matthewhaven,9722844190487
103,Karen Cruz,Individual,West Justin,5005835978
104,Victor Reyes,Charity,North Joshuafort,141123088725335
105,Trevor Wilson,NGO,North Pamela,00165171914034050
106,David Johnson,Individual,Lake Rebecca,0350190294
107,Jessica Morris,NGO,Port Elizabethton,1377761761
108,Suzanne Dawson,NGO,East Josephstad,168215921433841
109,Rachel Nguyen,NGO,Theresamouth,0405452043
110,Karla Castillo,NGO,Lake Michaelton,192811268597518
111,Deanna Flores,NGO,West Johnny,6692949581
112,Brady Lopez,Individual,Michaeltown,8312755906807
113,Jonathan Young,Shelter,Georgeborough,164864178677029
114,John Chase,NGO,Meganton,53042464704854
115,Anthony Carter,Shelter,Scottmouth,4997267360
116,Mark Lee,Individual,Port Teresa,0019837576830086
117,Kelly Pierce,Shelter,East Heatherborough,5172321717
118,Matthew Tran,Charity,South Franciscoport,5831441560457
119,Jasmine Robertson,Individual,Deanview,00138807867694237
120,Matthew Ramos,Shelter,Kennethberg,50356397039449
121,Gavin Freeman,NGO,Ayalamouth,7826814168
122,Drew Cline,NGO,Port Patriciachester,5178287715
123,Teresa Williams,Charity,South Alexandraport,673228882964732
124,Marie Andrade,Charity,Meghanfort,3140962823
125,Tammy Smith,Individual,Campbellchester,0016685371925410
126,Heather Brown,NGO,North Lori,83611613658718
127,Hayden Hill,NGO,North Roger,1431125754
128,Sarah Carter,Charity,New Benjamin,0015130185852
129,Denise Martinez,Charity,Drakeburgh,4638878557617
130,Matthew Hughes,Charity,Marieview,4684314471
131,Shawn Mills,Charity,Jeffhaven,19511921790
132,Katherine Gomez,Charity,South Jasonberg,60980221083673
133,Robert Johnson,NGO,West James,3017495770
134,Emily Christian,Individual,Marcusberg,7246292189533
135,Jeanne Spencer,Shelter,Huntermouth,9874746001775
136,Katherine Murphy,NGO,New Elaine,0675064790
137,James Jones,NGO,Bakerfort,1224216342
138,Christina Potter,NGO,Phillipsbury,13661444542657
139,Charles Martin,NGO,New Christopher,5860090817964
140,Kristin Scott,Shelter,North Christina,5989059117
141,Christine Gray,Individual,Dawnview,0014665380401
142,Melody Good,NGO,Wilsonfort,8802732716
143,Amanda Hendricks,Shelter,Nancyshire,0094941313
144,Jennifer Nelson,Individual,North Paul,6138027241644
145,David Hull,Shelter,Tanyachester,1398046633
146,John Cummings,Individual,Joshuamouth,1344646051
147,Sara Wise,NGO,New Shannonbury,08677368818590
148,Robert Simon,NGO,North Amandafort,1726467107977
149,Nathan Willis,NGO,Danielfort,8303189696322
150,Kelly Howe,Charity,Davidmouth,0960593098621
151,Lisa Eaton,Shelter,New Aimeemouth,3428696733
152,Jasmine Miranda,Individual,Caseyland,91350948003395
153,Jason Holmes,Individual,Williamtown,186553306129768
154,Thomas Johnson,Shelter,Lake Victoriaport,6267945876
155,Christopher Kennedy,Shelter,Patriciaton,5091798044
156,Corey Mitchell,Charity,Jacobsmouth,00139211585579367
157,Jason Davis,Individual,Charleston,5231146883
158,Gregory Murphy,Individual,South Ashley,0903192480
159,Angela Cortez,NGO,Lisaton,1685216485171780
160,Tracy Hartman,Charity,South Jill,19472039101
161,Mary Nguyen,Charity,Mcclurestad,14531822743789
162,Douglas Baxter,Individual,Amandaville,1139598230818363
163,Jennifer Anderson,Charity,Daleshire,10733754139
164,Aaron Scott,Charity,Heatherfurt,075863316828937
165,Danielle Bailey,Shelter,East Sarahtown,326806092709574
166,Danielle Willis,Charity,Ginamouth,870458374734840
167,Erica Fox,Charity,West Shawn,00102991887862118
168,Kayla Johnson,Shelter,East Timhaven,7865345065
169,Jon Stanton,Charity,Nguyenfurt,46772327868881
170,Adam Browning,Charity,Port Erica,1965969067
171,Suzanne Velasquez,NGO,Joanchester,3056724633961
172,Nicole Brown,Charity,Thomaston,2161216760
173,Jason Moore,NGO,West Courtneyport,913468515418139
174,Matthew Johnson,Individual,Smithstad,2858590597
175,Stephanie Hoffman,Individual,New Tiffany,9725985363199
176,Brendan Farley,NGO,Nicoleport,3763303007
177,Tonya Lucas,NGO,Robertsonchester,191354265239521
178,Deanna Jarvis,Shelter,Port Emilymouth,7995658611
179,Adam Hodge,Charity,West Krystalview,11637515462947
180,Michelle Cook,Shelter,Peterhaven,4129024858
181,Paul Evans,NGO,Smithshire,3222400397
182,Troy Miller,Charity,Seanside,8901485867
183,Nicole Walker,Individual,Thomasland,001617475691302561
184,Matthew Sanchez,Individual,Port Melissa,001715920162223981
185,Shannon Pineda,Individual,Lake Amanda,1292490893786
186,John Massey,Shelter,Heathertown,4995907798
187,Amy Thomas,Shelter,Lake Erica,121529505974795
188,Tina Ingram,Charity,Angelicatown,1967134364612054
189,Stephen Smith,Individual,Maxberg,6903261349605
190,Maria Jackson,Charity,North Shelby,0160416963060
191,Brent Anderson,Shelter,New Seanburgh,2254787600
192,Rhonda King,Individual,Toddborough,3679585492
193,Jesse Brown,Charity,Figueroaport,001481425070682893
194,Alan Campbell,NGO,Shawmouth,942807079371978
195,John Martin,Charity,New Jason,5811746644358
196,Tara Bauer,Charity,Port Dustin,7099352878
197,Deanna James,Shelter,East Tinamouth,83910069403681
198,Scott Anderson,Individual,East Teresamouth,7332968887
199,Ashley Rivers,Individual,East Sharon,198805121936577
200,Nicole Williams,NGO,East Jillian,17857807784633
201,Calvin Lucas,Individual,Corybury,4177309502
202,Veronica Coleman,NGO,North Mario,096512552876619
203,Vincent Matthews,Shelter,Allenmouth,0335998576
204,Rachel Thomas,Individual,North Lindachester,417873584816786
205,Kimberly Wilkins,Charity,West Casey,3783162949
206,Ashley Brooks,Individual,Ramseystad,4288209314
207,Nicholas Holloway,Shelter,South Kendraville,7198219201
208,Michael Flores,Charity,Andrewmouth,19726828043628
209,Gina Payne,Individual,Steveberg,96088466341029
210,Tara Mcmahon,NGO,South Anna,2835288473
211,Judy Griffith,Charity,Baileyville,1255391638212809
212,Ronald Gonzalez,Shelter,Stevenmouth,194637832100415
213,Kelly Barber,NGO,Emilymouth,259420408804690
214,Corey Rodriguez,NGO,New Roseville,18665447425907
215,Mr. Matthew Johnson DDS,Charity,Port Stephen,1733110659
216,Morgan Massey,Charity,West Amybury,9292866902
217,Kelsey Holloway DDS,Charity,Ashleyborough,300705197878749
218,Corey Lamb,Charity,New Daniel,8828939920
219,Alex Rogers,Charity,Lake Austinmouth,10176131019
220,Cassandra Mendoza,NGO,Dantown,2612673922
221,Rebecca Goodman,Shelter,Robinsonland,3922218538523
222,Stephanie Jones,Shelter,West Aaronport,0010299401111
223,David Henderson,Charity,Hallside,9769469613
224,Franklin Kelley,Charity,East Jacob,2077678809
225,Joseph Bowman,NGO,West Jessica,001363434284724463
226,Daniel Kerr,Charity,Fergusonton,54895593848406
227,Samuel Hodge,NGO,Port Maria,3024637516
228,Joanna Wilkins,Charity,Singletonview,7968881488
229,Tina Watkins,Shelter,Bushview,7774795306
230,Nathaniel Moreno,NGO,Poolestad,8168189063631
231,Christopher Barrett,Charity,Port Brianville,1099740125466035
232,David Smith,Charity,Davidshire,1064657709
233,Alicia Porter,Charity,Port Ericmouth,001652614288466578
234,Keith Atkinson,Charity,Lake Julia,6869684161069
235,Megan Freeman,NGO,Rogerburgh,151027461830559
236,Duane Burnett,Charity,New Derek,0015901144533323
237,Cathy Adams,Shelter,West Josephshire,2690614726
238,Kendra Krause,NGO,Davisburgh,4500320502
239,Lindsay Garcia,NGO,North Kimberlyport,0722151225
240,Ronald Miller,Shelter,Edwardsside,0180633263
241,Elizabeth Dunn,Charity,Wilsonfurt,0692210114
242,Matthew Pearson,NGO,Garciaview,6212235497
243,Alexis Smith,NGO,West Vickie,001272079393993350
244,Jason Ramos,Shelter,Carolhaven,1460140992777
245,Rebecca Sanchez,Shelter,New Craig,5864137361
246,Kristi Wagner,Shelter,Lake Darrellburgh,2642551562
247,John Mitchell,Charity,Aaronshire,0010951847835
248,Victoria Lee,Charity,New Abigail,979786235915290
249,Zachary Lewis,Charity,Lake Kelli,0318694632
250,Jamie Ferguson,Charity,Jenniferberg,0010521504048243
251,Sarah Hodges,NGO,Martinland,0010161631445
252,Angela Dunlap,Individual,New Julian,8542032129
253,Adam Pittman,NGO,West Christiantown,45591515888706
254,Felicia Wilkinson,Shelter,Williamsfort,4034230469
255,Walter Myers,Individual,New Tina,128527883810454
256,Derek Wilson,Individual,Christopherland,19638597585002
257,David Bryant,Shelter,South Amy,43429031191927
258,Scott Grant,Individual,Port Samantha,001691849886097955
259,Aimee Stone,NGO,Barnesport,104394704183013
260,Patricia White,Charity,Lake Jessicaborough,4346354716587
261,Maria Lang,NGO,East Moniquemouth,7952611223445
262,Autumn Reed,NGO,East John,10012020048
263,Ann Mcclure,Shelter,West Johnmouth,3357769231
264,Sandra Townsend DVM,NGO,West Kelly,1135886084242924
265,Rebecca May,Individual,Murrayview,7831443726
266,Stacy Mayo,Shelter,Bauerton,13649252936855
267,Randall Robbins,Shelter,Dylanton,13821126000
268,Steven Morton Jr.,Shelter,Kellybury,8845037406
269,Mrs. Paula Jones,Individual,Emilymouth,935377274236543
270,Darlene Fernandez,Shelter,Monicaton,0792874429
271,Mark Hartman,Individual,East Ashleyshire,8180151582
272,Walter Carter,Shelter,Brianchester,170734412302001
273,Jonathan Soto,Charity,Autumnbury,24799381119057
274,Robin Ross,Individual,East Williamborough,7807540093
275,Michael Johnson,Individual,Longmouth,0810428712
276,Scott Hunter,Individual,Greenton,074305505360975
277,Austin Jones,Charity,Brandonside,6014748397472
278,Jay Roberts,Shelter,West Christopher,4358151380935
279,Angela Wyatt,Charity,Port Jessica,59291316463179
280,Jesse Miller,Shelter,Port Samanthamouth,14207641309854
281,Mrs. Kristin Adams DDS,Charity,Lake Christychester,0737643235
282,Lisa Pitts,Shelter,Lake Stephenport,0017093423522
283,Edward Cook,Charity,Isaiahtown,9905345202158
284,Beth Sanchez,NGO,Dustinfurt,89673781782821
285,Derrick Curtis,NGO,Stephaniechester,14009516395596
286,Travis Hughes,Shelter,Castilloland,905976670497813
287,Jennifer Johnson,Charity,Burnettton,7970971389
288,Christopher Larsen,NGO,Susanview,1464226270
289,Nathan Reynolds,Shelter,Lake Tina,0295226591
290,Karen Brennan,Shelter,Hannahside,6935324960
291,Dawn Thompson,Charity,North Josephland,1419736585
292,Mrs. Emily Smith DVM,NGO,Shermantown,3485424932868
293,Randy Roach,Charity,East Bryan,8885344534
294,Cynthia Horton,NGO,Jamesstad,5355765970774
295,Joseph Williams,Individual,East Dale,0011125139413
296,Pamela Santos,Shelter,Lake Michael,8651865350045
297,Deanna Daniels,Individual,Aguilarstad,0014369292288
298,Robert Burke,NGO,Marksmouth,99529780230932
299,Michael Curtis,Shelter,Alexanderbury,1523687888166849
300,Jeanne Benjamin,NGO,North Alexander,59500079713446
301,Kristina Simpson,NGO,Melissaport,3752453906
302,Daniel Moore,Charity,Port Richard,1768098232828
303,Joseph Davis,NGO,Millerport,779802631967760
304,Jennifer Ayala,NGO,Edwardshaven,929015841175681
305,Brendan Vargas,NGO,Kellyville,9816606741707
306,Donna Williams,Charity,Calebview,083313099009518
307,Logan Becker,Charity,North Patriciamouth,12262391432
308,Robin Pena,NGO,Cynthiashire,6917758145
309,Bryan Smith,Individual,New Julia,00112755064415817
310,Gary Adams,Individual,New Sara,001323823402661837
311,Tina Jackson,Charity,Geraldchester,1030025677
312,Pamela Morales,NGO,Schaeferfort,79162425309708
313,David Marsh,Shelter,North Kimberlyfort,498526576831348
314,Kelsey Smith,Shelter,Haleymouth,764989303677897
315,Anthony Harris,Individual,West Aaronberg,8113062805
316,Jacob Montoya,NGO,Meganmouth,609858636685166
317,Martha Flores,NGO,Lake Glenview,5684260750
318,Michael Carter,Charity,Danielborough,114946896475327
319,Donald Bender,Charity,Andersenfort,2628996349569
320,Carmen Barker,Shelter,North Williamview,0011512843163
321,Wanda Wise,Shelter,South Bethanyport,940028049349472
322,Stephanie Mathews,Shelter,North Ashleymouth,1852242776249312
323,Linda Banks,Individual,New Sarahmouth,323540940392583
324,Kristine Martin,NGO,Thompsonhaven,444954412716438
325,Lawrence Owens,Individual,South Amybury,15657487655
326,Douglas Jacobs,NGO,East Gina,8190722490353
327,Aaron Keller,Shelter,Melissaview,7995680302
328,Carlos Lawrence,Individual,New Justinhaven,2725803538
329,Christine Patterson,Individual,Edwardfort,00127090709815520
330,Kimberly Hamilton,Individual,North Bruce,39848682329944
331,Shane Stein,Individual,Reidton,086799627714274
332,Raymond Harris,Charity,Hammondfort,1731852783
333,Gabriel Vargas,Charity,Chaseview,0013432542598
334,Gina Wu DDS,Shelter,Lake Melindaside,4843500946
335,Deborah Sexton,Shelter,Victoriastad,89993647206569
336,Laura Marshall,Charity,East Lisafurt,1389167791681453
337,Jennifer Schmidt,Individual,South Michelleshire,007561409427296
338,Patrick Zimmerman,Shelter,Thomasberg,9136389318024
339,Dustin Johnson,Individual,Gomezmouth,001171995281584366
340,John Baxter,NGO,New William,894441913666913
341,Anna Buckley,Individual,Murphyfort,4212819097013
342,Kristina Vargas,Charity,Lake Rebeccaton,3647796707066
343,Roberto Stanley,Shelter,Melindaview,27329941770763
344,Barbara Velasquez,Charity,Priceborough,6692474183
345,Eric Ramos,Individual,Rushfurt,515928158732812
346,Mr. Mark Knight DVM,Charity,East Joseph,75779678722411
347,Michael Keller,Individual,New Derek,0005721246444
348,Donna Hughes,Individual,Maryfort,3525203779375
349,Gwendolyn Johnson,Individual,West James,6497149926
350,Sylvia Stanley,Shelter,Jenniferbury,0652300281
351,Kerry Jones,Charity,New Christopher,7257795651
352,Cody Martin,Individual,Angelamouth,239678658009652
353,Mrs. Stacey Morales MD,Individual,Juliastad,8660509817
354,Kimberly Nelson,Charity,Lake Lesliemouth,0094753945
355,Brian Hoffman,Shelter,Lake Dillonborough,71875354217242
356,Brian Cherry,Charity,Swansonport,16733722010
357,Jacob Orozco,Individual,West Jeffrey,7878348225
358,Brian Davis,Charity,Williamsfort,7506465852
359,Travis Walker,NGO,West Dan,8439050785
360,Tammy Boone,Shelter,New Christopher,3017137646501
361,Samuel Lewis,Individual,North Nicole,0013818075033358
362,Elizabeth Collins,Shelter,Johnland,6015328275383
363,Stephanie West,Charity,North Jamesfurt,0017942545542
364,Keith Gray,Charity,New Corey,001297087371391812
365,Melissa Green,Shelter,South John,62169804261205
366,Tony Holmes,NGO,Jaredport,62313140400485
367,Ricardo Roberts,Individual,West Matthewborough,371857173824461
368,Debra Murray,NGO,Duncanchester,5668325437
369,Sherry Hall,NGO,Davidmouth,25616636232267
370,Tara Johns,Individual,Paulmouth,374171599158449
371,William Frederick,NGO,Port Dean,0012285519866
372,Harold Bowen,Charity,South Barbaraburgh,732692165304238
373,Seth Esparza,Shelter,Port Brandonberg,2597616873
374,Ricky Walker,Individual,Port Johnstad,0010667007862511
375,Melissa Smith,Shelter,Lake Stevenburgh,16162305539
376,John Reeves,NGO,Jamieview,1050306924420943
377,Patrick Campbell,NGO,Leeton,7058064686
378,Brandi Buckley,Shelter,Lawrencechester,518742294512087
379,Tara Graham,Shelter,Lake Cory,6178697697
380,Heather Silva,Charity,Lake Ryan,1340826530
381,Yvette Huffman,Charity,Reevestown,8398518386
382,Patricia Stevens,Shelter,Perezport,0016284790049980
383,Melissa Kennedy,Individual,West Tina,129335491624644
384,Anthony Guerra,Charity,North Michelle,10222270705313
385,William Barnes,Shelter,Kellyfurt,2572410749262
386,Mary Hopkins,Individual,Tiffanyport,00147635084657500
387,Michael Proctor,Charity,Lisafurt,1195494969
388,Nicole Mueller,Charity,Rachelberg,2412691178
389,Kelly Buchanan,Charity,Lake Jonathanchester,10692751780789
390,Victor Crawford,NGO,New Brandonton,1389087525262752
391,Regina Munoz,NGO,Lake Clinton,5859553149
392,Tracy Douglas,NGO,Gordonstad,108452289328580
393,Dana Simmons,Shelter,West Jorge,005720232375794
394,Kyle Kerr,Charity,Sarahville,06585371584157
395,Joseph Davis,Charity,Sherryhaven,42687027576102
396,Allison Martinez,NGO,New Amy,9455111142655
397,Mr. Robert Rivera II,Individual,Bergerport,147015454784289
398,Alex White,Charity,Port Carmen,2263638449
399,Jennifer Hughes,Charity,West Donnaton,00114743012048556
400,John Byrd,Shelter,West Randall,2193136702212
401,Leslie Acevedo,Charity,Lake Matthew,028737355689803
402,Nicholas Mosley MD,Individual,North Manuel,17593327128
403,John Collins,Shelter,New Deborahville,0012377663335
404,Marissa Fischer,Shelter,New Kevin,45446381428597
405,David Evans,Shelter,Chambersmouth,3162219715
406,Ashley Martinez,NGO,Lake Crystal,1515212736
407,Arthur Thomas,Charity,Clarkhaven,00179761585607849
408,Jennifer Mccoy,Individual,Morganville,43017111481808
409,Matthew Simmons PhD,Shelter,Brandonhaven,001040668455958950
410,Betty Reid,Charity,North Abigail,001526626711720926
411,Eric Kaiser,Shelter,West Mikayla,0014939690455844
412,David Carney,NGO,Port Dianemouth,0017107321565428
413,Dennis Schultz,NGO,New Natalieland,3480490216
414,Dr. Matthew Hughes DDS,NGO,Christopherchester,1126714229091321
415,Kevin Blair,Individual,Lake Laurenburgh,88703357574595
416,Ernest Cox,Shelter,Christinaland,0614624166
417,Justin Santos,NGO,Rayfurt,95322162913146
418,Miss Mary Turner,Charity,North Holly,8993302450
419,Teresa Jackson,Shelter,Port Thomasstad,001620115671507034
420,Susan Green,Charity,Josephborough,1716778742809975
421,Jonathan Copeland,Shelter,Jonathanview,8360481897257
422,Tina Bean,Charity,South Tyler,0018770900264425
423,Christine Bell,Individual,South Edwardburgh,172033319674489
424,Pamela Harris,Charity,Lewisfort,3205623060
425,Robert Chavez,NGO,Chadport,8860499104019
426,Jose Rivas,Shelter,Rosaleschester,0014114559848386
427,Toni Johnson,NGO,Lake Steven,0452298601
428,Elizabeth Galvan,NGO,Lake Karen,18960181230
429,Daniel Williams,Shelter,Russellburgh,2886093038
430,April Johnson,NGO,Pagemouth,5404860312
431,Mr. Gregory Thompson,Charity,East Douglas,725348581315130
432,Julie Brown,NGO,East Melissaport,544200667339918
433,Michael Dunn,Individual,Lake Kyleside,0012639942712
434,Jason Alvarez,NGO,South Connorview,1071645994
435,Whitney Evans,Shelter,Martinezside,0013559119659
436,Jacqueline Turner,NGO,Robertsport,9378418251
437,Lindsey Lewis,Shelter,West Rogerview,0016102098312
438,Jane Davis,Individual,Lake Joshuaville,0014805548487778
439,Erika Lopez,Shelter,North Margarethaven,1170271702
440,Alexander Walsh,Individual,Troyshire,00144363878587009
441,Cynthia Johnson,Charity,West Cherylland,7160980270507
442,Natasha Harper,NGO,Port Sara,474763327281635
443,Brittany Anderson,Individual,Port Michaelmouth,610921413412104
444,Michael Simmons,Individual,Coreymouth,42723734805364
445,Christopher Williams,NGO,North Kathryn,304550402326262
446,Eric Mays,NGO,Port Deborahbury,5556987496465
447,Erika West,Individual,Mikemouth,409663427089860
448,Nicholas Harrison,Shelter,New Timothymouth,0155752106
449,Mrs. Valerie Hartman,NGO,Port Jenniferborough,1271218776
450,Russell Smith,Charity,New Rebecca,15815756141390
451,Marcus Gregory,Shelter,Hollyside,45249040542105
452,Tina Banks,Charity,Port Judith,9865357620
453,Kristen Alvarado,NGO,Davidport,001965776909206414
454,Steven Griffin,NGO,Cruzborough,5115950189
455,Jennifer Kennedy,Individual,Port Deborah,9581893095
456,Rodney Perkins,Charity,Lake Christina,2914238876
457,Ryan Cole,Charity,Sandratown,00147754869563901
458,Michael Vargas,Charity,East Andrewhaven,93246619337047
459,Brandon Riley,NGO,Powerston,7423646134
460,Karen Stafford,Shelter,West Justinberg,0407743704
461,Tonya Lewis,NGO,Edwardport,9693197491
462,Timothy Martin,Charity,Lake Adriennechester,0686804383
463,Frank Jackson,Charity,North Jeffreychester,441504638508595
464,Richard Parsons,Shelter,Bushbury,1781993110642127
465,Makayla Davis,Shelter,Chrisport,2829299573
466,Christine Ashley,Individual,South William,06761843528380
467,Nathan Gonzales,Charity,East Daniel,5439084807329
468,David Castro,Shelter,Heatherhaven,70152986113352
469,Steven Martinez,Individual,Johnsonberg,7723986224
470,Edwin Osborne,NGO,North Robinville,1606057945
471,David Fuentes,NGO,North Kimberlyland,7679660659378
472,Brian Hill,Charity,Port Dominique,00146866609943200
473,Justin Powell,Shelter,Port Sarah,001823112394746965
474,Christine Lawrence,Charity,Bobbyfort,9363786017
475,Kim Gamble,Individual,East Ginafort,0762758691
476,Jennifer Baker,Shelter,Castilloshire,134050938993380
477,Jorge Young,Shelter,Lake Rebeccaton,2086783432
478,Benjamin Wilson,NGO,West Aliciaburgh,5228626624
479,Karen Reeves MD,NGO,Lake Mitchellbury,3651743809
480,Michael Roberson,NGO,South Davidstad,82194517124447
481,Heather Brown,Shelter,New Michaelport,0011376225038219
482,Timothy Garrett,NGO,Andersonview,9075323328
483,Emily Sandoval,Charity,Port Gregory,0762070611
484,Mary Harrington,Shelter,Port Jason,7731596013005
485,Debbie Cox,Charity,Christopherchester,001858989147860960
486,Ronald Brown,Shelter,New Dustin,7682014672
487,Micheal Peterson,NGO,West Jeffreyfurt,0943304095
488,Patrick Jenkins,Charity,West Richard,117098860839905
489,Erin Foster,Charity,Jessicatown,10498195438798
490,Tiffany Smith,NGO,Port Brandon,1509541064502
491,Molly Edwards,Charity,Rodriguezborough,3469124779
492,Julie Lewis,NGO,South Steven,55735234974606
493,Chelsea Powell,Charity,Lake Rachelburgh,001527059416872504
494,Timothy Chavez,Individual,Brooksmouth,939046436226066
495,Andrea Meyer,Individual,Christophertown,0015795754238796
496,Kristina Park,Charity,Langburgh,0016085420101
497,Miss Jamie Gonzalez DDS,Charity,Proctorville,01113216191390
498,Dennis Ford,Charity,Port Derekland,5608388104
499,Ricky Harmon,Individual,Port Chaseport,8173998610569
500,Richard Patterson,Charity,Huynhmouth,1091960030
501,William Davila,Individual,Gilbertborough,6320448155
502,Carly Austin,Charity,Connerland,58869696947636
503,Eileen Scott,Charity,Lewismouth,834331417857771
504,Michael Williams,Shelter,Matthewhaven,0015112046271
505,Alexandra Owens,NGO,Bradleyland,9279961259
506,Mrs. Kim Blackwell,NGO,Port Margaretport,9780172536
507,Destiny Maldonado,Charity,Carlosfurt,26475464322877
508,Kimberly Wilson,Individual,Susanville,9903662975
509,Drew Edwards,Charity,Huffmouth,1910217065058040
510,Jeremy Christensen,Individual,Ashleyborough,6787773829
511,Kimberly Cox,NGO,Lake Gloria,6289046503
512,Anne Stone,Shelter,Pittsville,46848295317575
513,Dr. Ryan Gilbert,Individual,Sarahaven,52738646115297
514,Ashley Bell,Shelter,Olsonland,1733905492497502
515,Misty Downs,NGO,Robertview,0643596470
516,Gary Myers,Shelter,Turnerhaven,0016699198102
517,Taylor Wolfe,Individual,New Travisland,5163674140
518,Katrina Smith,NGO,Stephanieberg,57711299496527
519,Elizabeth Salazar,Shelter,Paynestad,6551474123411
520,Alexandra Jones,NGO,Lisaborough,9258392741
521,David Robinson,NGO,Carolinebury,12255769253
522,Veronica Robinson,NGO,East Cynthiahaven,1088817279
523,William Fox,NGO,Port Angelafurt,2280026281
524,Tiffany Rodriguez,Charity,Ramirezhaven,1976624271890881
525,Michael Dixon,Charity,Rebeccaview,5796325450933
526,Brian Morales,NGO,Darinland,40993972329674
527,Kelli Fuentes,NGO,East Peter,0015792002768448
528,Alexander Dean,Charity,New Robert,129150033493774
529,Amy Perez,Charity,West Jacquelineland,0016926343701202
530,Lindsay Yates,Individual,Diazshire,198858675681040
531,Alexandra Rogers,Charity,Paulaburgh,911326327485954
532,David Sellers DVM,Individual,South Michaelfurt,4923213443
533,Joseph Knapp,Shelter,New Michael,1170969114
534,Megan Miller,Individual,Anthonyport,2526655472
535,Jane Avila,Shelter,Christinahaven,0329872893
536,Margaret Lloyd,Shelter,Phillipston,1551266729292504
537,Earl Eaton,Shelter,Port Michaelport,0764237778
538,Ronald Norton,Individual,Carterton,131106058460735
539,Jessica Lee,NGO,Vasquezberg,1295971071
540,Cristina Curtis,Individual,East Davidbury,5047220994
541,Amy Brown,NGO,Shelbyland,752956320804024
542,Savannah Neal,Individual,Ashleeside,75025747369555
543,Brenda Green,Charity,Jacobmouth,0013445154579388
544,Matthew Wright,NGO,Port Traci,0017820744708
545,Peter Allen,Individual,Port Kristinechester,14878771518
546,Meagan Hughes,Charity,Lake Lance,1093649434
547,James Kennedy,Charity,South Donaldshire,543901874248816
548,Gary Andrews,NGO,Gonzalezstad,11153683340
549,Trevor Lam,NGO,New Alexismouth,7262770665
550,Shawn Gibson,Individual,South Eric,001268793042733000
551,Kyle Vega,Shelter,West Alexandra,12393557045
552,Jeremiah Jones,NGO,Shaneport,3223114182
553,Scott Proctor,Shelter,Adamland,99828223157499
554,Margaret Mccullough,Charity,Ortizmouth,8888903956
555,Mary Lewis,Individual,Port Richard,14436808966
556,James Wolfe,NGO,Woodsfurt,33779179905443
557,Andrea Mcdaniel,NGO,Kingville,938395060260948
558,Samantha Salinas,Charity,Rayberg,001301396815396235
559,Randy Martinez,Shelter,Brownville,0017884511379961
560,Matthew Mendez,Shelter,South Meganland,1406192314120799
561,Andrea Morris,NGO,Hallton,151391835082191
562,Antonio Murphy,NGO,West Kevin,117756403009110
563,Brandon Johnson,Charity,Randyville,1501609543250
564,Justin Smith,Individual,Pottertown,15888743231
565,Brian Blankenship,Charity,East Jordanborough,145029162239898
566,Michael Lewis,Individual,East Kimberlymouth,0720781249988
567,Peggy Knight,Shelter,North Michaelville,29324174695110
568,Melissa Mclaughlin,Charity,Roberttown,671908777708364
569,Danny Randolph,Shelter,South Yolanda,0290118582
570,Anthony Cochran,Individual,Port Todd,196025308284007
571,Lydia Phillips,Shelter,North Hollyland,7041622429
572,Diana Blair,Shelter,Murrayside,001632774339850003
573,William Clark,Shelter,Port Courtneyland,4689527647
574,Mr. William Hunt,Shelter,Barreratown,56485469787462
575,Jennifer Davila,Shelter,Hollandburgh,140137184475866
576,Justin Lopez,Individual,East Stephenton,5261538449436
577,Thomas Burch,Charity,North Lori,3908825868
578,Larry Bradshaw,NGO,Lake Cody,0018435973151
579,Nancy Guerrero,Individual,South Elizabeth,8913817696
580,Yesenia Solomon,Charity,Port Paulaton,7765870514
581,April Mcintosh,Charity,North Sherribury,92538759319388
582,Douglas Cook,Shelter,Hunterbury,8724548537
583,Sean Henderson,NGO,Lake Gregory,5533264934118
584,Austin Vance,Shelter,Whiteside,074087196283029
585,Mark Lewis,NGO,Lisaview,189455402205777
586,Amy Barker,Shelter,North Nathanville,00180682130105044
587,Jennifer Clark,NGO,Spencermouth,186219671099671
588,Laurie Alvarez,Shelter,North Raymond,463392988742698
589,Nicole Williams,NGO,West Richard,7277713700
590,Terry Fernandez,Shelter,Mooreburgh,506052752343392
591,Susan Clark,NGO,Beckville,0204357439
592,Michael Pennington,Charity,South Gabrielmouth,9054209084
593,Douglas Mann MD,NGO,North Lisaburgh,3180399487
594,Sheri Johnson,Shelter,North Christopher,2539200751
595,Courtney Whitney,Individual,West Mariashire,0015284467897
596,Natalie Navarro,Shelter,West Carrieberg,0014337426627972
597,Willie Nichols,Charity,Jonesland,0011176097351313
598,Alexa Guerra,NGO,Ariasbury,7691923865
599,Christopher Davis,NGO,South Yvettestad,149695250722056
600,Bruce Alexander,Individual,New Tammyhaven,3765012938
601,Peter Gonzalez,Shelter,Biancaton,11257846019811
602,Paul Carter,Individual,Kinghaven,108002530183445
603,Christina Caldwell,Shelter,New Christopherburgh,45787458077325
604,Ashley Hall,Individual,Butlerborough,15473443774
605,Tara Johnson,NGO,East Nathan,9017973598
606,Jenna Bowen,Shelter,Nicoleside,6821839790650
607,Sean Wolf,NGO,Mcfarlandhaven,4909137034400
608,Oscar Bauer,Charity,South Nicoleberg,0018745076783
609,Brian Riddle,Shelter,Jenniferbury,1493189525
610,Jimmy Morton,Charity,New Carrie,00172134805706158
611,Jeff Rivas,Charity,Mcdanielmouth,67506542904573
612,Meredith Griffin,NGO,Patriciamouth,3308187400
613,Renee Campbell,Shelter,North Tiffanyfort,1993750653151
614,Peggy Parker,Shelter,South Waynefurt,6435183066
615,Rachel Carson,NGO,Robertside,0019108522109575
616,Christopher Wright,Shelter,New Kellytown,16310748622827
617,Justin Lee,Individual,Shelleyburgh,199646530365771
618,Samuel Mendez,Individual,Andersonland,0644310381
619,Taylor Estrada,NGO,Nguyenview,0013515565960359
620,Cassandra Foster,Individual,West Danielview,28304754219049
621,David Jordan,Individual,Mendozabury,7058168331096
622,Gary Torres,Charity,Kimberlyview,81614126138114
623,Phillip Rogers,Individual,Keithstad,626554646612045
624,Alvin Day Jr.,NGO,East Heatherbury,7221278600
625,Paul Lee,NGO,Stephenchester,187415750243157
626,Theresa Gonzalez,Charity,Port David,0505686038358
627,Beth Chavez,Shelter,East Nicole,124999110040285
628,James Gardner,NGO,Morenoborough,4052113183136
629,Andrea Hansen,NGO,Lake Mary,40752556518151
630,Sarah Ochoa,Charity,Vancebury,9182551669
631,Diana Fisher,Shelter,New Daryl,9743914500152
632,Austin Smith,NGO,North Marcusbury,219381883193973
633,Jay Higgins,NGO,Perezhaven,8809908313
634,Jessica Watkins,Charity,Robertton,36895940759286
635,Lisa Marshall,Charity,Johnville,3754231187
636,Devon Burton,Charity,Blakehaven,9071089325817
637,Benjamin Soto,NGO,West Garretthaven,8693958395
638,Timothy Browning,Charity,Moralesfort,0018362473024
639,Jeffrey Vaughan,Charity,Cameronfurt,1293657408619
640,Joseph Smith,NGO,Anthonystad,71669837667391
641,Robert Jones,Shelter,East Antoniobury,0014801681124978
642,Sarah Rose,NGO,New Ryanmouth,24738808386557
643,Mary Morrow,NGO,Melaniehaven,00199592197207901
644,Deanna Brown DDS,Individual,Fowlerburgh,6951474833
645,Steven Armstrong,NGO,Robertfurt,2161559564
646,Maria Lee,Individual,West Juanchester,4337297840
647,Christine Davis,Charity,Josephton,1443597605
648,Heather Stewart,NGO,South Lucasview,5189364091169
649,Cory Schmidt MD,Individual,Johnsonville,0019155356309779
650,Nicholas Peterson,NGO,West Troyview,00152878315339196
651,Rebecca Mcbride,Charity,Port Timothymouth,159421410043055
652,Sandy Ward,Shelter,North Michael,153264604371719
653,Jason Garcia,Shelter,Port Mariemouth,229688461087983
654,John Murray,Shelter,Fernandezberg,00166400401175796
655,Lauren Golden,NGO,Michealstad,5091203093
656,Christopher Clark,NGO,Port Peggyshire,10209614423
657,Patricia Salas,Individual,Port Maryshire,5695147193
658,Frank Olson,Shelter,South Anthonyside,00199674756785051
659,Elizabeth Stewart,NGO,Kempstad,65973101827759
660,James Hernandez II,Charity,Kenthaven,0010362352960
661,Robert White,Charity,Petersonmouth,9828389359
662,Gabriel Harris,Individual,Port Shannonhaven,8530342142599
663,Michael English,NGO,Lake Daniel,6123203740
664,Joseph Nelson,Individual,Phillipston,7800327079
665,Felicia Collier,NGO,Toddstad,11132024089101
666,Meredith Hull,NGO,Markfurt,575879876833505
667,Christine Beasley,Individual,Jensenland,6677294034
668,Maria Singh,NGO,Brandonhaven,13531271876477
669,Karen Cox,Charity,Davidland,791759905423904
670,Amber Hobbs,NGO,Rogersfort,91486451278523
671,Cindy Green PhD,NGO,Sharpfurt,6744184457
672,Janice Thornton,Charity,Allenmouth,64673591774671
673,Shelly Castillo,Charity,Chenview,001984641235915247
674,Stephen Harris,Charity,Port Seanshire,11638807237908
675,Robert Day,NGO,Goodmanfort,001284742420215864
676,John Williams,Charity,Brooksborough,057537176152273
677,Joshua Rush,Charity,New Mark,6026944031226
678,Joseph Johnson,NGO,South Jasminechester,41220283526950
679,Alexis Rodriguez,Shelter,South Shirleymouth,7488278108926
680,James Lewis,NGO,Richardton,0011512871850
681,Becky Hernandez,Shelter,Jeanshire,0019505109795700
682,Paige Lewis,Shelter,Karenfort,1506085231697
683,Mark Williams,NGO,Taylorport,0015209638410
684,Kiara Martinez,Individual,Ellisborough,8299398804
685,Angela Knight,Individual,Port Joshua,4913302377936
686,Spencer Roberts,Charity,East Sheenahaven,074920102914932
687,Danny Palmer,NGO,North Erikhaven,19313158378838
688,Jeffrey Turner,Charity,East Tiffanyview,001321160309450214
689,Michael Murphy,NGO,Lake Sheilaland,1887843640264812
690,Jeffrey Knight,Individual,Wardshire,2077948313
691,Brittany Williams,Individual,Christinehaven,078314817343041
692,Christopher Stokes,Individual,Joshuahaven,001305048793149531
693,Carl Brewer,Individual,Nelsonbury,84676451577104
694,Rachel Arnold,Shelter,New James,001087674132905614
695,Janet Newton,Individual,West Amandaport,9305908261
696,Kellie Hart,Charity,Changview,1235589912633112
697,Laura Leach,Charity,Davidtown,5465940771
698,Dawn Rodriguez MD,Charity,New Shauntown,108362432933668
699,Sabrina Johnson,Charity,East Emily,0015521243791
700,Kimberly Duncan,Shelter,West Monica,0018511582436740
701,Amber Arellano,NGO,South Marymouth,17184258787628
702,Rebecca Chan,Charity,West Brittany,2797073052
703,Mr. Jonathan Williams,Individual,Bruceburgh,6060106061
704,Jason Lowe,NGO,Sarahside,0631150253
705,Christopher Sellers,Charity,East Nathanstad,5709576832
706,Shannon Jensen,Shelter,Lake Kevinport,0013785701120234
707,Jason Martin,Charity,New Frederickfort,00150187771204743
708,Jacob Mendez,Individual,South Jason,8183586757
709,Matthew Sanchez,Individual,New Stephanie,1310834622013
710,Eric Carrillo,Shelter,Nicholsonland,00190500787931997
711,Mark Carroll,Shelter,Lovestad,17623695612249
712,Laura Graham,NGO,Mercerport,0968045311455
713,Robert Moses,Shelter,Port Terry,62987052999094
714,Adam Phelps,Individual,North Amanda,0015866126376
715,Tyler Christensen,Charity,Lake Douglas,3066912501
716,Angela Gregory,Individual,Lake Tracytown,8178566676112
717,Jonathon Gregory,Individual,Shortfort,0405117461377
718,Matthew Brown,Individual,Port Amberfurt,7853360978
719,Brian Oneill,NGO,East Stephaniefort,4236914227
720,Jeremiah Terry,Individual,Nicoleberg,10955013103762
721,Ashley Ramirez,Charity,Heatherburgh,6043823103
722,Deanna Owens,NGO,South Mark,8654109397
723,Lisa Kim,Individual,New Brandyhaven,14658562095
724,Randall Ford,Shelter,East Tasha,07203784210768
725,Edward Lopez,NGO,New Matthewton,6835917229
726,Tammy Brown,Shelter,Victorton,124456916213556
727,Troy Jimenez,Shelter,Port Marc,82924627567494
728,Dustin Stark,Charity,Kimberlymouth,716950457479791
729,David Spence,Charity,Port Curtisside,18430061807
730,Felicia Glover,Shelter,East Michael,9828442370
731,Jacob Scott,Charity,South Jenniferburgh,0018572168483
732,Jessica Shields,Shelter,South Richard,51909250182511
733,David Fox,Individual,Longmouth,0015428004782916
734,Amanda Buchanan,NGO,Perryton,121718457161884
735,Kyle Scott,Individual,Reedview,0019802043107974
736,Damon Schmidt,Charity,Cummingschester,001695722368735864
737,James Brown,Shelter,Lake Catherine,152508875491151
738,Matthew Morgan,Charity,Robertton,5355122781
739,Nancy Jones,Shelter,West Bradley,8064578047368
740,Denise Lucas,Charity,East Jamesmouth,00677584891702
741,Amber Burnett,Charity,Garciashire,9013559555
742,Matthew Webb,Charity,West David,00199834194450465
743,Nicholas Tucker,Charity,Port Samantha,2900712070
744,Matthew Deleon,Individual,Danielsview,0069409278989
745,Jose Vance,NGO,Lake Heatherberg,21662078372021
746,Kenneth Barnes,NGO,South Lindsay,8684340244
747,Vanessa Johnson,Shelter,Wilsonshire,15134770795528
748,Bridget Williams,Charity,South Williamview,0010793472416344
749,Michael Craig,Individual,Moralesburgh,13148999508143
750,Levi Lucas,Charity,North Vanessamouth,0957635392058
751,Travis Johnson,Shelter,South Edward,7856401614
752,Cassidy Alvarado,Individual,Leahchester,18253644624
753,Samantha Potter,Charity,Aguilarbury,15414344196086
754,Michael Ford,Individual,New Sean,3899888452
755,Eugene Beltran,Shelter,South Samanthaburgh,0016966162431933
756,Emma Anderson,NGO,Lake Michelle,0013693475266
757,Christopher Garcia,Charity,North Danielchester,183755556330883
758,Jennifer Lucero,NGO,South Theresaberg,386105509135748
759,Kathleen Watkins,Shelter,Hardyberg,4357884119238
760,Gina Blankenship,Shelter,Brittanyborough,001318721719901418
761,Douglas Roberts,Shelter,Deanstad,19880777950039
762,Donna Chang,NGO,East Stevenborough,9564962501
763,Karen Williamson,Shelter,Sandovalmouth,857588447278504
764,Krista Williams,Shelter,Oliverberg,4814373776
765,Joshua Hooper,Shelter,Buchananton,1013463143005130
766,John Reynolds,Shelter,Grahambury,00106208594026875
767,Jordan Hart,Shelter,East Julietown,11617536365946
768,Mary Wilson,Charity,Lake Kimberlyton,484336385853588
769,John Warner,Shelter,Cookhaven,10033205395
770,Jacob Gibbs,Charity,New Jesus,8062651675
771,Emily Gallagher,Individual,Wagnerburgh,4916631678
772,Cassandra Yoder,Charity,Danielfurt,19287660621673
773,Hunter Richards,NGO,West Victoriaberg,0015817781214
774,Tracy Bass,NGO,South Jessicaburgh,4612584749956
775,Thomas Nelson,Charity,Donnamouth,12276018962271
776,James Thompson,Shelter,Ronaldmouth,1217327913396
777,Julie Dickerson,Shelter,Diazbury,3831382733067
778,Kristie Townsend,Shelter,Melissaberg,167438958245761
779,James Turner,NGO,North Mallorystad,17007097978681
780,Jacqueline Johnson,Shelter,Jeffreyland,1208657142344884
781,Jason Taylor,NGO,Reginaburgh,15063803549178
782,Timothy Burns,Charity,East Janetstad,2625557560
783,Monica Phillips,Charity,New Phillipfurt,1885889838
784,Jill Harris,Shelter,Josephfurt,039813718811427
785,Melissa Lee,Charity,Brownport,8331940479719
786,Robert Kim,Shelter,Port Gabrielleborough,513156799853487
787,Rachel Rios,NGO,Sarahaven,3191048885
788,Beth Phillips,NGO,Zacharyview,29338322798386
789,Laura Robertson,NGO,Hansonfurt,616851653367759
790,Stephanie Smith,Charity,West Carrieport,001028411595438730
791,David Kennedy,Charity,Port Caleb,001061612971540982
792,Tamara Frey,Shelter,Deanfort,9761685693615
793,Renee Anderson,Charity,Princehaven,0401324956
794,Lee Nunez,Individual,Andersonfort,4688571870688
795,Caitlin Cobb,Charity,North Andresport,19688714930
796,Lisa Carroll,NGO,South Jamesfort,12238428919643
797,Robert Becker,Charity,Danielland,0607560612
798,James Estrada,Individual,Westport,00102045085425607
799,Adam Moore,Charity,East Josephview,1119080326081212
800,Anthony Garcia,Individual,Brownbury,18455419687513
801,Samantha Simpson,Shelter,West Meganmouth,0010308323866065
802,Lisa Cruz,Charity,Stevenmouth,372091774836631
803,Joseph Stafford,Shelter,Lake Lindseystad,8127825617
804,Elizabeth Cochran,NGO,Theresabury,7711350025
805,Sharon Martin,Individual,South Michelleport,88588920088858
806,James Miller,NGO,Lisabury,149981968686637
807,Taylor Miller,NGO,Josephside,10222705486316
808,Pamela Finley,Individual,Harrisfurt,001160542538055508
809,Karen Cain,Individual,East Daisybury,50696041850865
810,Cody Meyer,NGO,Westshire,415147209547370
811,Scott Schroeder,Shelter,Markfurt,0012290422531276
812,Sabrina Klein MD,Individual,Shawhaven,071615455580217
813,Amber Hale,Individual,Comptonside,0017502352728
814,Michael Petersen,NGO,Maryside,1454301193297038
815,James Miller,NGO,North Dawn,001359139728411773
816,Jeremiah Hampton,Charity,South Sheryl,8370484121
817,Victoria Torres,Charity,Martinchester,162478094457755
818,Danielle Hayes,NGO,Andreaberg,1310927379
819,Christina Lambert,Shelter,Delgadofort,63751691435014
820,Patrick Velasquez,Individual,West Jacob,6061667246746
821,Jeffrey Wilson,Charity,Davisport,0012453907219847
822,Aaron Malone,Shelter,East Mark,180313669786095
823,James Rose,Shelter,East Amandaberg,6582047743
824,Madison Myers,Shelter,Cruzland,12350083338386
825,Charles Morris,Charity,New Olivia,006107482544414
826,Mr. Steven Reeves MD,Individual,West Jacquelinefort,126373946081451
827,John Simmons,NGO,North Tanner,7973886145650
828,Jason Mcpherson,Shelter,Michaelside,4036934197409
829,Mr. Brian Fox,Charity,Scottbury,3013164760229
830,Jeffrey Cooper,Shelter,Lake Christian,0018772455095
831,Samantha Ellison,Individual,New Kimberly,52243772929078
832,Kylie Young,Shelter,Ginaview,9131186244
833,Kelly Pierce,Shelter,West Josephland,3704671150479
834,Renee Flynn,Individual,South Mark,0935018423
835,Jennifer Wright,Shelter,Lauratown,257556326176228
836,Scott Craig,Shelter,South Lisa,1183826136
837,Michelle Reed,Shelter,West John,1072168815
838,Jessica Stephens,Charity,West Michaelton,3589778320
839,Michael Cox,NGO,North Kelly,0019537395146845
840,Mary Anderson,Shelter,South Mirandamouth,1148126013315456
841,Brian Reed,NGO,Amandaburgh,64056494981956
842,Robert Stewart,Shelter,New Laura,87350162444712
843,Glenn Anthony,Charity,Halltown,5029607549
844,Andrew Gray,Individual,Lake Dustin,44800571922140
845,Adam Horton,NGO,Ramosberg,3644230076300
846,Charles Aguilar,NGO,Johnsonchester,1148261910710033
847,Wesley Myers,Shelter,Meganburgh,28599175320243
848,Terrence Wagner,Individual,Taraside,0018322467583
849,Kyle Johnson,Shelter,Ellisshire,0018877666073
850,Kristopher Mendoza,Individual,Bradfurt,678116633954475
851,Christina Brown,NGO,Wyattton,9830347865
852,Jo Martinez,Charity,Port Williamtown,126434260126505
853,Tanya Lowe,Charity,Crawfordchester,6775969794
854,Christopher Diaz,Individual,Lorifurt,0014421062480735
855,Robert Abbott,NGO,Collierburgh,11145328181037
856,Amanda Brown,Individual,New Larryshire,1763305060
857,Jennifer Taylor,Individual,Lake Kaylamouth,0010242411359
858,Ashley Harris,Individual,Lake Stephenchester,001680582460774285
859,Dana Williams,Charity,Cookstad,5259995693
860,James Knight,Charity,Kirkfort,10015044343556
861,Ashley Clark,NGO,Poolebury,5186226804900
862,Justin Martinez,Individual,New Erikamouth,697357712204253
863,Jessica Camacho,Individual,Billyland,1906749988688
864,Justin Anderson,NGO,South Craigborough,19676298865504
865,Katherine Houston,Individual,Lake Joshuabury,93542001969064
866,Jose Cooper,Shelter,Pooleside,0836012157
867,Tara Williams,Individual,New Dakotahaven,7246108348
868,Kayla Erickson,Shelter,West Lindseyside,21375269670263
869,David Mendoza,Charity,North Shawnastad,0015178649061969
870,Joshua Mendoza,Charity,North Amy,8428767043953
871,Veronica Adams,Individual,Natalieside,3857123680
872,Lori Peters,Individual,Annaborough,2706526057691
873,Darius Reid,Charity,Port Philipmouth,3069395162
874,Danny Brown,Individual,East Shirley,829371228079605
875,Scott Smith,Individual,New Donnahaven,0013769655711
876,Jeremy Robinson,NGO,Jamesview,00109719832297777
877,Jeffrey Stafford,Shelter,North Nicholasborough,45446024687969
878,Cory Johnson,NGO,Port Robertmouth,9443115766
879,Bridget Hill,Charity,South Emily,86846523316437
880,Kristen Foster,Shelter,North Ricardo,7492528592
881,Alan Riley,NGO,Tylermouth,11916202120274
882,Steven Shaffer,Shelter,Rodneyport,7997939460
883,Aaron Rios,NGO,New Jeffreyhaven,543629485981093
884,Mary Evans,Shelter,North Josephmouth,2484575683
885,James Hardin,Individual,East Robert,7160356813982
886,Amber Cruz,Shelter,Allenborough,10770731734206
887,Jean Woods,Shelter,Fernandezchester,168854683048077
888,Matthew Davis,Charity,Birdview,1367475533
889,Holly Aguilar,NGO,West Sara,7995062068
890,Joseph Whitaker,NGO,Jamesborough,0010592718576
891,Thomas Myers,Shelter,North Haleyhaven,5798565722
892,Brian Hardy,NGO,Lake Williamhaven,062642754267155
893,Carrie Hess,Charity,Jarvisshire,18280679673188
894,Tammy Fletcher,Charity,New Adrian,2195502711
895,Ms. Deborah Campos,Individual,West Barry,0015799485058
896,Jennifer Smith,Shelter,Josephton,1797280744
897,Shelby Rice,Shelter,New Loriberg,121347021127474
898,Emily Ramos,Shelter,East Michaelview,0337957197362
899,Rachel Pena,NGO,Grossport,5236685935836
900,Hannah Reynolds,Charity,East Kevinberg,731040533077836
901,Donald Caldwell,Shelter,Dawsonberg,00119107122176177
902,Michelle Riley,NGO,New Juliaton,00101249794668873
903,Cindy Robinson DDS,Shelter,Franklinview,4186239588
904,Amanda Kline,Shelter,East Travis,0012653763204275
905,Ann Odonnell,Charity,East Michael,926345766029567
906,Christopher Gonzalez,Shelter,Payneland,15102412999765
907,Jamie Jenkins,NGO,New Melanie,0016769039528783
908,Abigail Crawford,NGO,Lake Shawn,0101528668
909,Matthew Cordova,NGO,Rubioborough,001905589894409730
910,Tina Donaldson,Shelter,Lake Brandibury,7364464714
911,Devon Martinez,Individual,Jessicaland,8612582469860
912,Katelyn Proctor,Charity,Williamsborough,00194927174618101
913,Jeffrey Jones,NGO,Kennethmouth,2972292136
914,Jeffrey Walker,Individual,Woodardview,0284721603
915,Deborah Garza,Shelter,South Alanville,6955892656
916,Lindsey Mathis,Shelter,Ianland,8165585061
917,Michael Townsend,Shelter,East Kevin,034803850233851
918,Katrina Cruz,Charity,Jenkinsfurt,709191561688772
919,Sarah Brown,Shelter,North Christina,00111988073679899
920,Gregory Rodriguez,Charity,West Davidview,6716671616
921,Kelly Walls,Individual,Lake Victoriaton,8575175280
922,Savannah Holland,Individual,Kelleystad,4876887575
923,Victor Diaz,Shelter,Darinview,5619230470922
924,Sarah Roberts,Shelter,North Janetland,00151345931889757
925,Cassidy Davis,Individual,West Donaldmouth,0018153594471
926,Kimberly Ware,Individual,East Sheriton,0010782660266
927,Mary Escobar,Individual,Gloriaview,66386368469153
928,Barbara Richards,Charity,Carlostown,524811936551761
929,Donna Terry,Charity,Mathistown,1048587570
930,Joseph Smith,Shelter,Dunnbury,9099131799
931,Rhonda Lewis,Individual,South Michael,001068151125426821
932,Justin Stevens,Charity,South Mary,00175605113719827
933,Jodi Lee,NGO,West Paulfort,3517962649
934,Dr. Wendy Terrell,Charity,Erikashire,5662368791
935,John Harris,NGO,Riverafort,182754502945697
936,Jacob Horton,NGO,Port Douglasland,1286744528304031
937,Mark Ward,NGO,Port Jonathanton,0384311430
938,Matthew Thornton,NGO,Hayesfort,1084069823
939,Chad Vaughn,Charity,Lake Brandonborough,565199297736531
940,Lynn Lucas,Charity,Elizabethberg,6891290146
941,Jessica Boyd,NGO,South Heather,0017584105626844
942,Earl Hess,Charity,Rodneyborough,0091751556
943,Rebecca Lucas,Charity,New Jessicabury,72144638733399
944,Sharon Wood,Charity,New Melindashire,5282176863
945,Alex Leon,Individual,Caitlynhaven,667114063055873
946,Taylor Mann,Charity,North Lawrence,0017667482534468
947,Debra Webster,Charity,East Debramouth,930291905313757
948,Thomas Castaneda,NGO,West Ashleymouth,18250447294296
949,Allison Pennington,Individual,North Lydiaberg,15867136798
950,Caitlin Bennett,NGO,Delacruzborough,35105031329588
951,Brittany Mcclain,Individual,Robertville,81103620937533
952,Sarah Morgan,Charity,Gilbertfurt,16308098000
953,Tina Anderson,Charity,Port Jonathanhaven,1021685649
954,Mark Russell,NGO,Nathanstad,3811753680
955,Christopher Wong,Charity,Jacquelineshire,7451357397
956,Jacqueline Fernandez,Charity,Kennethside,157341285228213
957,Angela Hall,Charity,Greenville,2576243615
958,Scott Brown,Individual,Oneillland,00187944875717987
959,Samantha Gomez,Charity,Suzanneton,001955495853409912
960,Jason Hughes,Shelter,Myerstown,851627039500955
961,Tyler Gray,NGO,West Dustinberg,3748508848
962,Donald Anderson,Shelter,North Stephanieborough,12249511888539
963,Victor Ward,NGO,Johnhaven,62804820263385
964,Donald Moore,Individual,Davisfort,00174216487689906
965,Ashley Silva,NGO,Port Thomas,55304831238350
966,Sheila Lang,NGO,Lake Larryborough,0015852862289
967,Samantha Sherman,Individual,Port Cindyberg,659277674837772
968,Mr. Joseph Herring,Individual,Mariefurt,8390442094
969,Leon Foster,NGO,Bennettton,1989369076
970,Brandon Rice,Shelter,South Benjamin,15631222255
971,Teresa Estrada,Individual,Mayburgh,3207784104
972,Patricia Joseph,Individual,Lauraport,611927669643169
973,Brian Johnson,NGO,Patrickfort,00175147955019929
974,Mark Miller,NGO,North Joshua,0113611154694
975,Danielle Bullock,Individual,Amandafurt,88825394762056
976,Tammy Patrick,Individual,Clarkton,0016715529014817
977,Pamela Scott,Charity,South Paul,3106420442
978,Adam Evans,Individual,Lake Sonya,484398006744415
979,Rebecca Wright,Charity,Teresastad,17073874410419
980,Elizabeth Fisher,Shelter,Carrborough,29890837769550
981,Dawn Jennings,Shelter,Port Cody,08575965125392
982,Thomas Villanueva,NGO,Gutierrezmouth,0013386039644
983,Joanna Black,NGO,North Jacobhaven,7819505825
984,Steve Kirby,Charity,Travishaven,815195871159256
985,Thomas Sanchez,NGO,Rodneyfurt,2315921072512
986,Rita Kane,Shelter,South Jamie,13473062056
987,Becky Smith,Shelter,East Renee,7907087489
988,Kristi Rodriguez,Charity,Nielsenberg,349864540908379
989,Timothy Bradshaw,Individual,North Laura,4512605312
990,Patricia Hardy,Shelter,Thomasport,076687353203467
991,Lindsey Wagner,Shelter,Jessicaburgh,4010527584
992,James Curry,Individual,Port Johnside,2230438999392
993,Alexis Hayes,Shelter,Matthewmouth,54381205346473
994,Angelica Simmons,NGO,Port Kellifort,9029428232
995,Brittany Taylor,Individual,Andrewsport,29656871064981
996,Matthew Curtis,Shelter,Lanechester,12788944421289
997,Amanda Cain,NGO,New Steven,100149156015316
998,Theodore Briggs,Individual,South Sandra,93060994425031
999,Cheyenne Ramsey,NGO,Lake Jeffery,001326320481615300
1000,April Miller,Shelter,Shelbychester,894873265223999
